ネコ日和。	네코히요리	고양이 날씨
虹と太陽	니지토타이요	무지개와 태양
炭★坑★節	탄코우후시	탄광절
ハッピーシンセサイザ	해피 신세사이저	해피싱세사이저
ルカルカ★ナイトフィーバー	루카루카 나이트피버	루카루카
源平大戦絵巻テーマソング	겐페이타이센 에마키 테마송	겐페이대전 에마키 테마송
美しく燃える森	우츠쿠시쿠 모에루 모리	아름답게 타오르는 숲
ウッーウッーウマウマ(ﾟ∀ﾟ)	우마우마	우쯔우쯔 우마우마
檄！帝国華撃団(改)	게키 테이코쿠 카게키단	제국화격단
メランコリック	멜랑콜릭	멜랑코리크
教えて!! 魔法のLyric	오시에테 마호노 리릭	마법의 리릭 알려줘
ワールズエンド・ダンスホール	월즈엔드 댄스홀	월드엔드 댄스홀
パンダヒーロー	판다히어로	판다 히어로
オレンジの夏	오렌지노나츠	오렌지의 여름
BaBan!! －甘い罠－	바반	달콤한 함정
ジングルベル	징글벨	징글
マトリョシカ	마트료시카	마틀료시카
メグメグ☆ファイアーエンドレスナイト	메구메구	메크메크 파이어 엔드리스 나이트
天国と地獄	텐코쿠토지고쿠	천국과 지옥
きみのためなら死ねる	키미노타메나라 시네루	너를 위해 죽을 수 있어
怪盗Rのテーマ	카이토우 R노 테에마	괴도R 테마
マリアをはげませ	마리아오 하게마세	마리아를 격려해
おちゃめ機能	오챠메 기능	장난기 기능
ダンシング☆サムライ	댄싱 사무라이	댄싱 삼라이
ロミオとシンデレラ	로미오와 신데렐라	로미오 신데렐라
腐れ外道とチョコレゐト	구사레게토우토 치요코레에토	썩은 외도와 초콜레이트
ぴぴぱぷぅ！	히히하후우	피피파푸
炎歌 -ほむらうた-	호무라우타	불꽃노래
犬日和。	이누히요리	강아지 날씨
ソーラン☆節	소오란부시	소란부시
デコボコ体操第二	데코보코 타이소 다이니	울퉁불퉁 체조 2
スイートマジック	스위트 매직	스이토 마직쿠
ゴーゴー幽霊船	고오고오 유우레이센	고고 유령선
千本桜	센본자쿠라	천본벚꽃
御旗のもとに	미하타노모토니	깃발 아래
地上の戦士	치조우노센시	땅 위의 전사
超絶！Superlative	초제츠 슈퍼레이지브	초절 슈퍼레티브
采配の刻 Power of order	사이하이노토키 파워 오브 오더	지휘의 순간 파워 오브 오더
泣き虫O'clock	나키무시 오클락	울보 오클락
maimaiちゃんのテーマ	마이미짱 테마	마이마이짱의 테마
＊ハロー、プラネット。	하로오 프라네토	헬로 플래닛
イアイア★ナイトオブデザイア	이아이아 나이트오브데사이어	이아이아 나이트 오브 데사이어
ローリンガール	로오링걸	롤링 걸
天ノ弱	아마노자쿠	천성의 약함
弱虫モンブラン	요와무시 몽블랑	약한 곰보 몽블랑
モザイクロール	모자이크 롤	모자이크로올
脳漿炸裂ガール	뇌장 작렬 걸	뇌장
セツナトリップ	세츠나 트립	세츠나 트리프
放課後ストライド	호오카고 스트라이도	방과후 스트라이드
カゲロウデイズ	카게로우 데이즈	카게로우
チルノのパーフェクトさんすう教室	치르노의 퍼펙트 산수교실	치르노 퍼펙트 산수교실	치르노
魔理沙は大変なものを盗んでいきました	마리사 하 타이헨나 모노오 누스 테이키마시타	마리사 큰일 난 걸 훔쳐갔어요
ナイト・オブ・ナイツ	나이트 오브 나이츠	나이트오브나이츠
全人類ノ非想天則	젠닌루이노 히소우텐소쿠	전인류의 비상천칙	전인류 비상천칙
しゅわスパ大作戦☆	슈와스파 대작전	슈와 스파 대작전	슈와스파
時空を超えて久しぶり！	지쿠우오 코에테 히사시부리	시공을 넘어 오랜만이야
ココロスキャンのうた	코코로 스캔 노 우타	코코로스캔의 노래
神室雪月花	카무로 세츠게츠카
KONNANじゃないっ！	콘난 자 나잇	콘난 아니야
記憶、記録	키오쿠 키로쿠	기억 기록
セガサターン起動音[H.][Remix]	세가 새턴 기도 온	세가새턴 기동음	세가새턴 기동음 리믹스
夜咄ディセイブ	요바나시 디세이부	밤이야기 디세이브	디세이브
ウサテイ	우사테이
ぐるぐるWASH！コインランドリー・ディスコ	구루구루 워시 코인랜드리 디스코	구루구루 워시 디스코	코인랜드리 디스코
火炎地獄	카엔 지고쿠	화염 지옥
ユビキリ	유비키리	손가락 맹세
ナミダと流星	나미다 토 류우세이	눈물과 유성	나미다와 유성
おても☆Yan	오테모 얀
maiム・maiム feat.週刊少年マガジン	마이 무 마이 무	마이미무 마이미무	마이무 마이무
Backyun! －悪い女－	백얀 나쁜 여자	백얀 악한 여자
みんなのマイマイマー	민나노 마이마이마아	모두의 마이마이마	마이마이마
円舞曲、君に	엔부캬쿠 키미니	원무곡 너에게	원무곡 키미니
Burning Hearts ～炎のANGEL～	버닝 하츠 호노오 엔젤	버닝하츠 불꽃의 엔젤	불꽃의 엔젤
いーあるふぁんくらぶ	이 알 팡 클럽	이얼 알팬클럽	이 팬클럽
ぽっぴっぽー	폿삐폿포	폿삐뽀
トルコ行進曲 - オワタ＼(^o^)／	토르코 코우신쿄쿠 오와타	터키 행진곡 오와타	토르코 행진곡 오와타
裏表ラバーズ	우라오모테 라바즈	겉속 라버즈	겉표 라버즈
レッツゴー!陰陽師	렛츠고 오 음양사	렛츠고 음양사	음양사
炉心融解	로신 융카이	로심융해	노심융해
ダブルラリアット	더블 라리아트	더블 라리어트
からくりピエロ	카라쿠리 피에로	장치인형 피에로	카라쿠리
ネトゲ廃人シュプレヒコール	네토게 하이진 슈프레히코오루	넥토겜 폐인 슈프레히콜	폐인 슈프레히콜
むかしむかしのきょうのぼく	무카시무카시노 쿄우노 보쿠	옛날옛적 오늘의 나	옛날옛적 오늘의 내
六兆年と一夜物語	로쿠초우넨 토 이치야모노가타리	육조년과 하룻밤 이야기	육조년 일야 이야기
みくみくにしてあげる♪【してやんよ】	미쿠미쿠니 시테아게루	미쿠미쿠 만들어줄게	시키얀요
リリリリ★バーニングナイト	리리리리 버닝 나이트	리리리리 버닝나이트	리리리리
ハロ／ハワユ	하로 하와유	할로 하와유	하와유
緋色のDance	히이로노 댄스	히색의 댄스	진홍빛 댄스
明星ロケット	아케보시 로켓	샛별 로켓	명성 로켓
お嫁にしなさいっ！	오요메니 시나사이	결혼시켜	신부로 만들어
ロストワンの号哭	로스토완노 고오코쿠	로스트 원의 오열	로스트원 오열
患部で止まってすぐ溶ける～狂気の優曇華院	칸부데 토맛테 스구 토케루	환부에서 멈춰 바로 녹아	미친 유동화원
ケロ⑨destiny	케로구 목적지	케로9 데스티니	케로 9 데스티니
神々の祈り	카미가미노 이노리	신들의 기도	카미노 기도
エピクロスの虹はもう見えない	에피쿠로스노 니지와 모우 미에나이	에피쿠로스의 무지개는 이제 안 보여	무지개는 이제 안 보여
シアワセうさぎ	시아와세 우사기	행복 토끼	행복의 토끼
ってゐ！ ～えいえんてゐVer～	츠테이 에이엔테이 버전	츠테이 에이엔테이	에이엔테이
待チ人ハ来ズ。	마치히토하 코스	기다리는 사람은 오지 않아	기다리는 사람은 안 와
深海少女	신카이 쇼오조	깊은 바다 소녀
東方スイーツ！～鬼畜姉妹と受難メイド～	토오호우 스이이츠	동방 스위츠	동방 디저트
幻想のサテライト	겐소우노 새틀라이트	환상의 새틀라이트
最速最高シャッターガール	사이소쿠 사이코우 샷타걸	최속최고 샷타걸
バラライカ	하라라이카	바라라이카
林檎華憐歌	링고카렌카	사과 화련가
コトバ・カラフル	코토바 카라후루	말 카라풀
タカハせ！名人マン	타카하시 메이진만	타카하세 명인맨
言ノ葉カルマ	코토노하 카루마	말잎 카르마
かせげ！ジャリンコヒーロー	카세게 자린코 히어로
キズナの物語	키즈나노 모노가타리	인연의 이야기
アゲアゲアゲイン	아게아게아게인	업 업 업 어게인
鼓動	코토우	고동
二息歩行	니소쿠 호코우	이식보행
ファンタジーゾーン OPA-OPA! -GMT remix-	환타지존 오파오파	판타지존 오파오파
電車で電車でGO!GO!GO!GC! -GMT remix-	덴샤데덴샤데 고고고	전차로 전차로 고고고
リッジでリッジでGO!GO!GO! -GMT mashup-	릿지데릿지데 고고고	리지에서 리지데 고고고
オパ! オパ! RACER -GMT mashup-	오파 오파 레이서
電車で電車でOPA!OPA!OPA! -GMT mashup-	덴샤데덴샤데 오파오파오파	전차로 전차로 오파오파오파
ピーマンたべたら	피이만 타베타라	피망 먹으면
究極焼肉レストラン！お燐の地獄亭！	큐우키요쿠 야키니쿠 레스토랑	오린의 지옥정
物凄い勢いでけーねが物凄いうた	모노스고이 이키오이 데 케에네가 모노스고이우타	괴물 같은 기세로 케네가 불렀다
ガラテアの螺旋	카라테아노 라센	갈라테아의 나선
アンハッピーリフレイン	안핫피 리프레인	불행 리프레인
どうしてこうなった	토우시테 코우낫타	어째서 이렇게 됐나
おこちゃま戦争	오코챠마 센소우	애들 전쟁
きたさいたま2000	키타사이타마 2000
不毛！	후모우	불모
デッドレッドガールズ	데드레드 걸즈	데드레드걸즈
赤心性：カマトト荒療治	세키신세이 카마토토 아라료우지	붉은심성 카마토토 응급치료
悪戯	이타스라	장난
響縁	쿄우엔	울림 인연
クローバー♣クラブ	쿠로바아 클라부	클로버 클럽
妄想税	모우소우제이	망상세
どういうことなの！？	토우이우코토나노	무슨 뜻이야
初音ミクの消失	하츠네 미쿠노 쇼우시츠	하츠네 미쿠의 소실
イノコリ先生	이노코리 센세이	예의바른 선생
キャプテン・ムラサのケツアンカー	캬프텐 무라사노 케츠안카아	무라사 선장의 케츠앵커
若い力 -SEGA HARD GIRLS MIX-	와카이 치카라 세가 하드 걸즈 믹스	젊은 힘 세가 하드 걸즈 믹스
ウミユリ海底譚	우미유리 카이테이탄	바다백합 해저담
welcome to maimai!! with マイマイマー	웰컴투 마이마이	웰컴 투 마이마이 마이마이마
ストリーミングハート	스트리이밍 하아토	스트리밍 하트
橙の幻想郷音頭	다이다이노 겐소우쿄우 온도	주황의 환상향 온도
東方妖々夢 ～the maximum moving about～	토우호우 요우요우무	동방 요요무
蒼空に舞え、墨染の桜	소라니 마에 스미조메노 사쿠라	푸른하늘에 춤춰 검게물든 벚꽃
少女幻葬戦慄曲 ～ Necro Fantasia	쇼우죠우 겐소우 센리츠쿄쿠	네크로 판타지아 소녀 환장	소녀 환장 네크로판타지아
幸せになれる隠しコマンドがあるらしい	시아와세니 나레루 카쿠시 코만도	행복해질 수 있는 숨은 커맨드
フラグメンツ -T.V. maimai edit-	후라그멘츠 TV 마이마이	프래그먼츠 티브이 마이마이 편집
願いを呼ぶ季節	네가이오 요부 키세츠	소원을 부르는 계절
四次元跳躍機関	요지겐 쵸오야쿠 키칸	사차원 도약기관
最終鬼畜妹・一部声	사이슈우 키치쿠 이모우토 이치부코에	최종 키치쿠 자매 일부 목소리
ありふれたせかいせいふく	아리후레타 세카이 세이후쿠	흔한 세계의 세이후쿠
すろぉもぉしょん	스로모오시옹	스로우 모오시옹
頓珍漢の宴	돈친칸노 엔	돈진칸의 연회
言ノ葉遊戯	코토노하 유우기	코토노하 유희
りばーぶ	리버브	리하아프
幾四音-Ixion-	이쿠시온	이치온
閃鋼のブリューナク	센코우노 브리유나쿠	센코우노 브리나크
無敵We are one!!	무테키 위아원	무적 위아원
スリップフリップ	스립 프립	슬립 플립
儚きもの人間	하카나키모노 닌겐	덧없는 것 인간
ラブリー☆えんじぇる!!	라블리 엔젤	엔젤
オモイヨシノ	오모이요시노	오모이 요시노
アージェントシンメトリー	아아지에 신메트리이	에르젠트 신메트리
厨病激発ボーイ	츄우뵤우 게키하츠 보오이	주병 격발 보이
HIMITSUスパーク	히미츠 스파크
囲い無き世は一期の月影	카코이 나키 요와 이치고노 츠키카게	울타리 없는 세상
セハガガガンバッちゃう！！	세하카카칸 밧챠우	세하가가가 온바
キミノヨゾラ哨戒班	키미노 요조라 쇼카이한	그대의 밤하늘 초계반
恋愛裁判	렌아이 사이한	연애 재판
パーフェクト生命	하아퍼에크토 세이메이	퍼펙트 생명
だんだん早くなる	단단 하야쿠 나루	점점 빨라져
ヘルシーエンド	헬시이 엔드	건강한 끝
クノイチでも恋がしたい	쿠노이치데모 코이가 시타이	쿠노이치라도 사랑하고 싶어
ココロ	코코로	마음
東京リアルワールド	도쿄오 리아루 와아루도	도쿄 리얼 월드
やめろ！聴くな！	야메로 키쿠나	그만 들어
ゆっくりしていってね！！！	윳쿠리 시테 잇테 네	천천히 가
木彫り鯰と右肩ゾンビ	키보리 나마즈토 미기카타 존비	나무조각 메기와 오른쪽어깨 좀비
しんでしまうとはなさけない！	신데 시마우 토와 나사케나이	죽어버리다니 불쌍해
ハート・ビート	하아토 비이토	하트 비트
高気圧ねこロック	코오키아츠 네코 롯쿠	고기압 고양이 록
洗脳	센노우	세뇌
色は匂へど散りぬるを	이로하니오에토 치리누루오	색은 향하나 흩어지누
月に叢雲華に風	츠키니 무라쿠모 하나니 카제	달에 덮구름 꽃에 바람
ひれ伏せ愚民どもっ！	히레후세 구민 도모	무릎 꿇어라 어리석은 백성
エテルニタス・ルドロジー	에테르니타스 루도로지	영원한 로도롤지
泡沫、哀のまほろば	우타카타 아이노 마호로바	거품이여 슬픔의 마호로바
華鳥風月	카초우 후우게츠	꽃 새 바람 달
終わりなき物語	오와리나키 모노가타리	끝없는 이야기
フォルテシモBELL	폴테시모 벨	포 테시모 벨
私の中の幻想的世界観及びその顕現を想起させたある現実での出来事に関する一考察	와타시노 나카노 겐소테키 세카이칸	내 안의 환상적인 세계관
ゴーストルール	코오스토 루우루	고스트 룰
チュルリラ・チュルリラ・ダッダッダ！	츄루리라 츄루리라 닷닷닷	츄루리라
夜明けまであと３秒	요아케 마데 아토 삼뵤우	새벽까지 3초
空威張りビヘイビア	카라이바리 비헤이비아	허세 비헤이비아
回レ！雪月花	마와레 세츠게츠카	돌아라 설월화
いっしそう電☆舞舞神拳！	잇시소우 덴 마이마이 신켄	일시소우 전 마이마이 신권
生きてるおばけは生きている	이키테루 오바케와 이키테이루	살아있는 유령은 살아있다
天火明命	아메노 호아카리	아메노호아카리
分からない	와카라나이	모르겠어
四月の雨	시가츠노 아메	4월의 비
ドキドキDREAM!!!	도키도키드림	도키도키 꿈
ポップミュージックは僕のもの	팝뮤직와 보쿠노 모노	팝뮤직은 내꺼
吉原ラメント	요시와라라멘토	요시와라 한탄
ねぇ、壊れタ人形ハ何処へ棄テらレるノ？	네에 코와레타 닌교와 도코에 스테라레루노	깨진 인형은 어디에 버려지나
幽闇に目醒めしは	유우야미니 메자메시와	어둠에 눈뜬 자
永遠のメロディ	에이엔노 메로테이	영원의 멜로디
白ゆき	시라유키	흰 눈
すーぱーぬこになりたい	스우파아 누코니 나리타이	슈퍼냥이 되고싶어
踊れオーケストラ	오도레 오케스트라	춤춰 오케스트라
きらっせ☆ウッド村ファーム	키랏세 우웃도무라 팜	반짝이 우드마을 농장
その群青が愛しかったようだった	소노 군세이 가 아이 시캇타 요오닷타	그 남청이 사랑이었던 것 같아
リンカーネイション	링카아네이션	링카 네이션
宿題が終わらないっ！	슈쿠다이가 오와라나이	숙제가 끝나지 않아
天国と地獄 -言ノ葉リンネ-	텐코쿠토 지고쿠 코토노하린네	천국과 지옥 언노하 린네
夢花火	유메하나비	꿈불꽃
オトヒメモリー☆ウタゲーション	오토히메모리 우타게이션	오토히메 메모리 우타게이션
ラブチーノ	라브치이노	러브치노
東京レトロ	도우쿄우 레트로	도쿄 레트로
バッド・ダンス・ホール	밧토 단스 호오루	배드 댄스 홀
相思創愛	소우시소오아이	서로 그리며 창조한 사랑
心象蜃気楼	신쇼우 신키로우	심상 신기루
光線チューニング	코우센 치유우닝	광선 튜닝
曖昧mind	아이마이 마인드	애매 마인드
GET!! 夢&DREAM	겟 유메드림	겟 꿈 드림
日本の米は世界一	니혼노 코메와 세카이이치	일본의 쌀은 세계일
ないせんのうた	나이센노우타	불꽃 없는 노래
妖精村の月誕祭 ～Lunate Elf	요오세이무라노 츠키탄사이	요정마을의 달 생일제
エイリアンエイリアン	에이리안 에이리안	에일리언 에일리언
猛進ソリストライフ！	모오신 소리스트라이후	맹진 솔리스트라이프
真・ハンサム体操でズンドコホイ	신 한사무 타이소오 데 즈운데코 호이	진 한사무 체조 즈운도코 호이
フラジール	후라지이루	플라지얼
オーディエンスを沸かす程度の能力 feat.タイツォン	오오테이엔스오 와카스 테이도노 치카라	관객을 끓일 정도의 능력
人里に下ったアタイがいつの間にか社畜になっていた件	히토사토니 쿠타타 아타이 가 이츠노마니카 샤치쿠니 낫테이타 켄	사람 사는 곳에 내려온 내가 어느새 노예가 된 사건
ギリギリ最強あいまいみー！	기리기리 사이쿄오 아이마이미이	간당간당 최강 애매미에
ちがう!!!	치가우	틀려
チルノのパーフェクトさんすう教室　⑨周年バージョン	치르노노 파아훼쿠토 산스우 쿄오시츠 구슈우넨 바아죤	치르노의 퍼펙트 산수교실 9주년 버전
デスパレイト	테스파레이트	데스퍼레이트
ようこそジャパリパークへ	요오코소 자파리파아쿠에	자파리파크에 오신 것을 환영합니다
ドーナツホール	도오나츠 호오루	도넛홀
咲キ誇レ常世ノ華	사키호코레 토코요노 하나	피어나라 영원의 꽃
白い雪のプリンセスは	시로이 유키노 푸린세스와	하얀 눈의 프린세스는
好き！雪！本気マジック	스키 유키 혼키 마직쿠	좋아 눈 진심 매직
スターナイトスノウ	스타아 나이토 스노우	스타 나이트 스노우
人生リセットボタン	세이세이 리세 토 보탄	인생 리셋 버튼
しねばいいのに	시네바 이이노니	죽으면 좋겠는데
もうみんなしねばいいのに	모오 민나 시네바 이이노니	다들 죽으면 좋겠는데
共感覚おばけ	쿄오칸카쿠 오바케	공감각 유령
麒麟	키린	기린
ダンスロボットダンス	단스 로봇단스	댄스 로봇 댄스
アルカリレットウセイ	아루카리 렛토우세이	알칼리 렛토우세이
ドクハク	독학
キレキャリオン	키레캐리온	키레 캐리온
猫祭り	네코마츠리	고양이 축제
天狗の落とし文 feat. ｙｔｒ	텐구 노 오토시모노 후미
疾走あんさんぶる	시츠소우 앙상블	달리는 앙상블
シャルル	샤를	샤루루
フリィダム ロリィタ	프리이담 로리이타	프리덤 로리타
バレリーコ	바레리코	바를레리코
アウターサイエンス	아우터 사이언스	바깥 과학
REVIVER オルタンシア・サーガ -蒼の騎士団- オリジナルVer.	리바이버 오르탄시아 사가
拝啓ドッペルゲンガー	하이케이 도펠겡어	안부를 전합니다 도플갱어
ミラクル・ショッピング	미라클 쇼핑	기적의 쇼핑
ラブって♡ジュエリー♪えんじぇる☆ブレイク！！	럽테 주얼리 엔젤 브레이크	럽테 엔젤 브레이크
エンドマークに希望と涙を添えて	엔드마크니 키보우토 나미다오 소에테	엔드마크에 희망과 눈물을
ナンセンス文学	난센스 문학
砂の惑星 feat. HATSUNE MIKU	스나노 와쿠세이	모래의 행성
アンノウン・マザーグース	안노운 마더 구스	정체불명의 마더 구스
妄想感傷代償連盟	모우소우칸쇼우 타이쇼우 렌메이	망상 감상 대가 연맹
進め！イッスン軍団 -Rebellion of the Dwarfs-	스스메 잇슨 군단	나아가라 잇슨 군단
インビジブル	인비지블	인비시블
彗星ハネムーン	스이세이 하네문	혜성 신혼여행
えれくとりっく・えんじぇぅ	에레쿠토릭 엔제우	전기 엔제우
ミラクルペイント	미라클 페인트	기적의 페인트
初音ミクの激唱	하츠네 미쿠노 게키쇼우	하츠네미쿠 격창
ガチャガチャきゅ～と・ふぃぎゅ@メイト	가챠가챠 큐우토 피기유 메이트	가챠가챠 큐우토
サドマミホリック	사도마미 호릭	사드마미홀릭
このふざけた素晴らしき世界は、僕の為にある	코노 후자케타 스바라시키 세카이와 보쿠노 타메니 아루	이 장난스런 세상은 내것이다
このピアノでお前を8759632145回ぶん殴る	코노 피아노데 오마에오 8759632145카이 붕나구루	이 피아노로 너를 8759632145번 때린다
はやくそれになりたい！	하야쿠 소레니 나리타이	빨리 그게 되고 싶어
フィクサー	픽서	피쿠사아
みんなの	민나노
アマノジャクリバース feat. ｙｔｒ	아마노 쟈쿠 리버스	아마노자쿠 리버스
進捗どうですか？	신초쿠 도우데스카	진척은 어때요
Help me, あーりん！	헬프미 아린	헬프미 아링
なるとなぎのパーフェクトロックンロール教室	나루 토 나기의 퍼펙트 록앤롤 교실	나루토나기 퍼펙트 록앤롤 교실
あねぺったん	아네펫탄	아네 핫탄
ジンギスカン	진기스칸
にじよめちゃん体操第一億	니지요메짱 타이소우 다이이치오쿠	무지개 신부짱 체조 1억
花と、雪と、ドラムンベース。	하나토 유키노 토 드럼 베에스	꽃과 눈과 드럼 앤 베이스
怒槌	이카즈치	분노의 망치
Seyana. ～何でも言うことを聞いてくれるアカネチャン～	세야나 아카네짱	세야나 뭐든 말해도 들어주는 아카네짱
おねがいダーリン	오네가이 다아린	부탁해 다아린
ネ！コ！	네코
ロールプレイングゲーム	롤플레잉 게임	역할수행 게임
ヒバナ	히바나
ロキ	로키
極圏	쿄쿠켄	극권
セイクリッド　ルイン	세이클리드 루인	성스러운 폐허
金の聖夜霜雪に朽ちて	코가네노 세이야 소우세츠니 쿠치테	금빛 성야 눈서리로 썩어간다
不思議の国のクリスマス	후시기노 쿠니노 크리스마스	이상한 나라의 크리스마스
片想いサンバ	카타오모이 삼바	짝사랑 삼바
ナイトメア☆パーティーナイト	나이트메어 파티 나이트	나이트메어 파티나이트
フキゲンワルツ	후키겐 왈츠	기분 나쁜 왈츠
結ンデ開イテ羅刹ト骸	무슨테 히라이테 라세츠토 무쿠로	결어 뒤틀어라세츠토 해골
サウンド	사운드
右肩の蝶	미기카타노 치요우	오른쪽 어깨의 나비
L4TS:2018 (feat. あひる & KTA)	엘포티에스 2018
クレイジークレイジーダンサーズ	크레이지 크레이지 댄서즈	미친 미친 댄서즈
【東方ニコカラ】秘神マターラ feat.魂音泉【IOSYS】	토호 니코카라 히신 마타아라	히신 마타아라
隠然	인젠
イロトリドリのメロディ	이로토리도리노 메로테이	형형색색의 멜로디
奏者はただ背中と提琴で語るのみ	소우시야와 타다 세나카토 바이오린테카타루노미	연주는 등과 바이올린으로만 말한다
雷切-RAIKIRI-	라이키리
キミとボクのミライ	키미토 보쿠노 미라이	너와 나의 미래
敗北の少年	하이보쿠노 쇼우넨	패배의 소년
立ち入り禁止	타치이리 킨시	출입 금지
命ばっかり	이노치 박카리	목숨뿐
最終鬼畜妹フランドール・S	사이슈우 키치쿠 이모우후란도오루 에스	최종 잔혹한 여동생 플랑드르 S
ネクロファンタジア～Arr.Demetori	네쿠로 판타지아	네크로 판타지아
終点	슈우텐	종점
カラフル×メロディ	카라후루 메로테이	컬러풀 메로디
魔法少女になるしかねぇ	마호우 쇼우조 니 나루 시카네에	마법소녀가 될 수밖에 없어
前前前世	젠젠젠세	전전전생
サンバランド	산바란도	삼바 랜드
渦状銀河のシンフォニエッタ	카시요우킨카노 신포니에 타	소용돌이은하의 심포니에타
華の集落、秋のお届け	하나노 슈우라쿠 아키노 오토도케	꽃의 마을 가을 배달
僕は空気が嫁ない	보쿠와 쿠우키가 요메나이	나는 공기가 아내가 안 된다
プリズム△▽リズム	프리즘 리즘	프리즘 삼각 리듬
でらっくmaimai♪てんてこまい!	데락 마이마이 텐테코마이
バーチャルダム　ネーション	바아치야루 댐 네에시요	버추얼 댐 네이션
超常マイマイン	쵸우조우 마이마인	초상 마이마인
♡マイマイマイラブ♡	마이마이마이라브	마이마이마이 러브
一か罰	이치카 바츠	일해 벌
キリキリ舞Mine	키리키리 마이 마인	키리키리 마이마인
福宿音屋魂音泉	후쿠야도루 오토야 타마온센
魔ジョ狩リ	마조카리	마죠카리
管弦楽組曲 第3番 ニ長調「第2曲（G線上のアリア）」BWV.1068-2	바흐 1068 2	관현악 모음곡 3번 바장조 2곡
アポカリプスに反逆の焔を焚べろ	아포카리프스니 한교쿠노 호노오오 쿠베로	종말에 반역의 불을 피워라
玩具狂奏曲 -終焉-	간구쿄우 소우쿄쿠 슈우에엔	장난감 광 미친 협주곡 종언
立川浄穢捕物帳	타치카와 조우에토리모노초	다치카와 정예 포획물천
メルト	멜트
メルティランドナイトメア	멜티 랜드 나이트메어	멜티랜드 나이트메어
アディショナルメモリー	아테이쇼나루 메모리	애디셔널 메모리
ナイト・オブ・ナイツ (Cranky Remix)	나이트 오브 나이츠	나이트오브나이츠
グリーンライツ・セレナーデ	그린 라이츠 세레나데	그린라이트 세레나데
デンパラダイム	덴파 라다임	전파 라다임
骸骨楽団とリリア	카이코츠 가쿠단토 리리아	해골 악단과 리리아
星屑ユートピア	호시쿠즈 유우토피아	별가루 유토피아
アマツキツネ	아마츠키츠네	하늘 여우
げきオコスティックファイナリアリティぷんぷんマスタースパーク	게키 오코스티 파이나리아리티 푼푼 마스터 스파크	게키오코스티 파이나리아리티
太陽系デスコ	타이요우케이 데스코	태양계 데스코
だからパンを焼いたんだ	타카라 하 오 야이탄다	그래서 빵을 구웠지
アカリがやってきたぞっ	아카리가 얏테 키타조	아카리 왔다는 거
プナイプナイせんそう	푸나이 푸나이 센소	푸나이푸나이 전쟁
デビル☆アイドル	데빌 아이돌	데빌 별 아이돌
サヨナラチェーンソー	사요나라 체인소	안녕 체인소
イカサマライフゲイム	이카사마 라이프 게임	사기 인생 게임
だれかの心臓になれたなら	타레카노 신조우니 나레타나라	누군가의 심장이 될 수 있다면
幾望の月	키보우노 츠키	끝없는 달
39みゅーじっく！	사이쿠쥬우 미유우지잇쿠	39 뮤직
ここからはじまるプロローグ。	코코카라 하시마루 프로로오구	여기서 시작하는 프롤로그
絡めトリック利己ライザー	카라메 트리츠쿠 리코 라이저	얽히는 트릭 이기 라이저
モ°ルモ°ル	모르모르
ブレインジャックシンドローム	브레인 잭 신드롬	브레인잭 신드롬
共鳴	쿄오메이	공명
シエルブルーマルシェ	시엘 부루 마루시에	하늘색 마르셰
封焔の135秒	후우엔노 135 뵤오	봉염의 135초
ヤミツキ	야미츠키	중독
ワードワードワード	와아도 와아도 와아도	워드 워드 워드
最強 the サマータイム!!!!!	사이쿄우 더 사마아타임	최강 썸머타임
タテマエと本心の大乱闘	타테마에토 혼신노 다이라은토우	겉마음과 진심의 대난투
はちみつアドベンチャー	하치미츠 아드벤챠	꿀 아드벤처
ハム太郎とっとこうた	하무타로 톳토 코우타	햄타로 또또 노래
だから僕は音楽を辞めた	타카라 보쿠와 오응가쿠오 야메타	그래서 나는 음악을 그만뒀다
ビターチョコデコレーション	히타아 쵸코 데코레이션	비터 초코 데코레이션
アンドロイドガール	안드로이드 걸
スターリースカイ☆パレード	스타아리이 스카이 파레에도	반짝 스카이 퍼레이드
スロウダウナー	스로우다우나아	슬로우 다운어
クレイジー・ビート	쿠레이지 비이토	미친 비트
バイオレンストリガー	하이오렌스 트리거	폭력 트리거
グラーヴェ	구라아베	그라베
すーぱーぬこになれんかった	스우파아 누코니 나렌캇타	슈퍼 누코가 못 됐어
アスヘノBRAVE	아스에노 브레이브	미래로의 브레이브
深海シティアンダーグラウンド	신카이 시테이 안다아구라운도	심해 시티 언더그라운드
表裏一体	효오리 잇타이	겉과 속 하나
ソリッド	소릿토	솔리드
全力ハッピーライフ	젠료쿠 핫피이 라이후	전력 해피 라이프
アトロポスと最果の探究者	아도로포스 토 사이하테노 탄큐우샤	아트로포스와 끝의 탐구자
ウマイネームイズうまみちゃん	우마이 네에무 이즈 우마미짱	맛있는 이름은 우마미
ぼくたちいつでも　しゅわっしゅわ！	보쿠타치 이츠데모 슈와츠슈와	우린 언제나 슈와슈와
居並ぶ穀物と溜息まじりの運送屋	이나라후 코쿠모츠토 타메이키마자리노 운소우야	가지런한 곡물과 한숨 섞인 운송업
マイオドレ！舞舞タイム	마이오토레 마이마이 타임	마이오드레 마이마이 타임
オリフィス	오리피스
ユメヒバナ	유메 히하나	꿈의 햇꽃
パラボラ	하라보라	파라볼라
ワンダーシャッフェンの法則	완다아샤 펜노 호우소쿠	원더 샤펜의 법칙
シアトリカル・ケース	시아토리카루 케에스	시어트리컬 케이스
ステップアンドライム	스텟푸 아 라임	스텝 앤 라임
届かない花束	토도카나이 하나타바	닿지 않는 꽃다발
ポケットからぬりつぶせ！	호케츠토카라 누리츠부세	포켓에서 칠해버려
トリドリ⇒モリモリ！Lovely fruits☆	트리드리 모리모리 러블리 프루츠	트리드리 모리모리	러블리 프루츠
宛城、炎上！！	엔성 엔다조	엔시요 하요우
レーイレーイ	레이이 레이이	레에이 레에이
お願いマッスル	오네가이 맛슬	원웨가이 맛슬	부탁 맛슬
命に嫌われている	이노치니 키라와레테이루	생명에게 미움받는
アンクローズ・ヒューマン	언크로즈 휴먼	닫히지 않은 인간
乙女解剖	오토메 카이보	처녀 해부
絶え間なく藍色	타에마나쿠 아이이로	끊임없이 남색
ガランド	가란도
とりあえずアナタがいなくなるまえに	토리아에즈 아나타가 이나쿠나루 마에니	일단 당신이 사라지기 전에
明星ギャラクティカ	메이세이 갸라쿠티카	별빛 갸라크티카
絶対にチョコミントを食べるアオイチャン	젯타이니 초코민토오 타베루 아오이챤	초코민트 먹는 아오이
デリヘル呼んだら君が来た	데리헬 욘다라 키미가 키타	대리헬 불렀더니 네가 왔다
ベノム	베놈	베노무
マネマネサイコトロピック	마네마네 사이코트로픽	모네모네 사이코트로픽
劣等上等	렛토오 조오토	열등한데도 최고
アスノヨゾラ哨戒班	아스노요조라 쇼카이한	아스노 밤하늘 초계반
悪戯センセーション	이타즈라 센세이션	장난 센세이션
絡繰りドール	카라쿠리 도오루	인형 조립
物凄いヴァイブスで魔理沙が物凄いラップ	모노스고이 바이브스 데 마리스가 모노스고이 랏	마리스가 랩
カラッポ・ノンフィクション	카라포 논픽션	빈껍데기 논픽션
自傷無色	시지오 무쇼쿠	자해 무색
≠彡"/了→	기미츠아
時計の国のジェミニ	토케이노 쿠니노 젬미니	시계 나라의 쌍둥이
星めぐり、果ての君へ。	호시메구리 하테노 키미에	별을 돌며 끝의 그대에게
スローアライズ	스로오 아라이즈	느린 일어나기
チエルカ／エソテリカ	치에루카 에소테리카	치에르카 에소테리카
生命不詳	세이메이 후쇼우	생명 불명
ほしぞらスペクタクル	호시조라 스페크타클	별하늘 스펙터클
蒼穹舞楽	소우큐우 부가쿠	푸른 하늘 무악
オーケー？　オーライ！	오케에 오라이	오케이 오라이
サヨナラフリーウェイ	사요나라 프리이웨이	작별 프리웨이
単一指向性オーバーブルーム	탄이츠 시코오세이 오오바아부루무	단일 지향성 오버 블룸
みなえをチェック！	미나에오 체크	모두의 애 체크
ハジマリノピアノ	하지마리노 피아노	시작의 피아노
おジャ魔女カーニバル!!	오쟈마죠 카아니바루	마녀 카니발
タケモトピアノCMソング	타케모토 피아노 씨엠 송	다케모토 피아노 CM송
電話革命ナイセン	덴와 카쿠메이 나이센	전화혁명 내선
ネガティブ進化論	네가테이부 신카론	부정적 진화론
雨とペトラ	아메토 페트라	비와 페트라
永遠にゲームで対戦したいキリタン	에이엔니 게임데 타이센 시타이 키리탄	영원히 게임으로 대전하고 싶은 키리탄
幽霊東京	유우레이 도오쿄오	유령 도쿄
Alice in 冷凍庫	에일리스 인 레이토오코	앨리스 냉동고
キラメキ居残り大戦争	키라메키 이노코리 다이센소우	반짝 잔류 대전쟁
ディカディズム	데이카데이즈무	디카디즘
猫猫的宇宙論	니야 니야 테키 우추우론	냥냥 우주론
ラットが死んだnew words	랏토가 신다 뉴 와아즈	쥐가 죽은 뉴워즈
阿吽のビーツ	아운노 비이츠	아운 비츠
再会	사이카이	재회
約束	야쿠소쿠	약속
トラフィック・ジャム	트래픽 잼	트래픽잼
アルティメットセンパイ	얼티밋 센파이	얼티밋선배
ロストワードクロニカル	로스트 워드 크로니컬	로스트워드 크로니클
今、誰が為のかがり火へ	이마 다레가 타메노 카가리비에	누구를 위한 모닥불로
下克上々	게코쿠 죗조	하극상상
ハウリング	하우링	하울링
トランスダンスアナーキー	트란스 댄스 아나키	트랜스댄스 아나키
もぺもぺ	모페모페	모뻬모뻬
ベースラインやってる？笑	베이스라인 하고 있어 웃음	베이스라인 하고있어 웃음
ヒミツCULT	히미츠 컬트	비밀 컬트
宿星審判	슈쿠세이 심판	별자리 심판	숙성 심판
脳天直撃	노우텐 직격	정수리 직격
とびだせ！TO THE COSMIC!!	뛰어 나와 투 더 코스믹	코스믹으로
噛み係	카미카카리	물어주는 역할	이빨 담당
トリアージ	트리아지	분류
U&iVERSE -銀河鸞翔-	유 앤드 아이버스	은하난쇼	은하란쇼	유아이버스 은하
星詠みとデスペラード	호시요미와 데스페라아도	별읽기와 데스페라드	별예언과 데스페라드
ヨミビトシラズ	요미비토시라즈	알 수 없는 독자	독자 불명
前衛的Landscape	젠에이테키 랜드스케이프	전위적 랜드스케이프
躯樹の墓守	무쿠로주노 하카모리	시체나무의 묘지수호	구수의 묘지수호
ぱくぱく☆がーる	팍팍 걸	박박 가를	파쿠파쿠 걸
スピカの天秤	스피카의 천칭	스피카 천칭
ハードコア・シンドローム	하드코어 신드롬	하드코어 증후군
テレキャスタービーボーイ	텔레캐스터 비 보이	텔레캐스터 비보이
デッドマンズバラッド	데드맨즈 발라드	데드맨 발라드
イヤホンロマンス	이어폰 로맨스	이어폰연애
竹	다케	죽
スーパーシンメトリー	슈퍼 신메트리	슈퍼 대칭
ドラゴンエネルギー	드래곤 에너지	용 에너지
セカイはまだ始まってすらいない	세카이는 아직 시작조차 안 됐어	세카이 하 마다 하지맛테스라이나이
紅星ミゼラブル～廃憶編	아카호시 미제라블	붉은 별 미제라블	미제라블 폐억 편
幻想に咲いた花	환상에 핀 꽃	겐소우니 사이타 하나
マツヨイナイトバグ	마츠요이 나이트버그	마츠요이나이트버그
ポッピンキャンディ☆フィーバー！	팝핑캔디 피버	팝핑캔디 열풍	팝핑캔디
どぅーまいべすと！	두 마이 베스트	두마이베스트
春を告げる	하루오 츠게루	봄을 알리다	봄을 고하다
失敗作少女	시 사쿠 소녀	실패작 소녀
悪魔の踊り方	아쿠마노 오도리카타	악마의 춤추는 법	악마의 춤방법
ノイローゼ	노이로제	신경과민
グッバイ宣言	굿바이 선언	그바이 선언
春嵐	하루아라시	봄 폭풍	봄태풍
ラグトレイン	락트레인	러그트레인	랭그트레인
なだめスかし Negotiation（TVsize）	나다메 스카시 네고시에이션	달래기 사기 협상	나다메스카시 협상
インドア系ならトラックメイカー	인도어계 나 트랙메이커	실내파면 트랙메이커
アカツキアライヴァル	아카츠키 아라이벌	여명 라이벌
リモコン	리모콘	리모콘기기
響け！CHIREI MY WAY!	히비케 치레이 마이 웨이	울려라 치레이 마이웨이	치레이 마이웨이
神々が恋した幻想郷	카미가 코이시타 겐소우쿄우	신들이 사랑한 환상향
アンビバレンス	앵비발런스	양가성
廻廻奇譚	카이카이 기탄	빙글빙글 기담
アイドル新鋭隊	아이돌신에이대	아이돌 신예대
ヒステリックナイトガール	히스테릭 나이트 걸	히스테릭나이트걸
ミルキースター・シューティングスター	밀키 스타	밀키스타 슈팅스타	슈팅스타
パラマウント☆ショータイム！！	파라마운트 쇼타임
パーフェクション	퍼펙션
デーモンベット	데이몬벳	데이먼 벳	데몬벳
星空パーティーチューン	호시조라 파티 튠	별하늘 파티 튠
チューリングの跡	튜링의 흔적	쯔링노 아토	츄링의 흔적
白花の天使	하쿠카노 텐시	하얀 꽃의 천사	백화의 천사
ツクヨミステップ	츠쿠요미 스텝	츠쿠요미의 스텝
コスモポップファンクラブ	코스모 팝 펑클럽	코스모팝 팬클럽
撩乱乙女†無双劇	료우란 오토메 무쌍극	요우란 오토메 무쌍극
エータ・ベータ・イータ	에이타 베이타 이이타	에타 베타 이타
ヴァンパイア	뱀파이어	반파이아
エンヴィーベイビー	엔비 베이비	엔비베이비
初音天地開闢神話	하츠네 텐치카이히야쿠신와	하츠네 천지개벽 신화
Love's Theme of BADASS ～バッド・アス 愛のテーマ～	배드아스 사랑의 테마	배드아스 러브 테마
ヒトガタ	히토카타	사람 모양	히토형
大輪の魂 (feat. AO, 司芭扶)	타이린노 소울	대륜의 영혼	대륜의 소울
紅に染まる恋の花	쿠레나이니 솜아루 코이노하나	붉게 물드는 사랑의 꽃	적에 물든 사랑의 꽃
三妖精SAY YA!!!	산요정 SAY YA	산요우세이 SAY YA	삼요정
ジャンキーナイトタウンオーケストラ	재키나이트 타운 오케스트라	정키 나이트 타운 오케스트라
終焉逃避行	슈우엔 도우히코우	종언 도피행
若い力	와카이 치카라	젊은 힘
遺伝子レベル∞スパイラル	이텐시 레벨 인피니트 스파이럴	유전자 레벨 인피 스파이럴	유전자 레벨 무한 스파이럴
エゴロック	에고록	에고 로크
ただ選択があった	타다 센타쿠가 앗타	그저 선택이 있었다
パズルリボン	퍼즐 리본	하스루 리본	퍼즐리본
ホシシズク	호시시즈쿠	별방울
分解収束テイル	분카이슈우소쿠 테일	해체 수렴 테일
#狂った民族２ PRAVARGYAZOOQA	쿠루츠타민소쿠 2	미친 민족 2
ピリオドサイン	피리오드 사인	피리오드신
群青シグナル	군죠 시그널	남청 시그널	군청 시그널
星見草	호시미소우	별보는 풀	별맞이 풀
康莊大道	히카리니 테라사레루 오오미치	빛에 비춰지는 대로	빛에 비친 대로
蜘蛛の糸	쿠모노 이토	거미줄	거미의 실
電光石火	뎅코우세카	번개같이	즉시즉각
アニマル	애니멀
ジレンマ	지렌마	딜레마
踊	오토	춤
フォニイ	포니이	포니
ヴィラン	빌런	비란
スカーレット警察のゲットーパトロール24時	스카렛 경찰의 게터 파트롤 24시	스카아레츠트 게이사츠 게토파토롤 24시
田中	타나카
群青讃歌	군죠 상카	남청 찬가	군청 찬가
セカイ	세카이	세계
ワーワーワールド	와아와아 월드
銀のめぐり	긴노 메구리	은의 회전	은빛의 회전
モンダイナイトリッパー！	몬다이 나이트 리퍼	문제 나이트 리퍼	몬타이 나이트 리퍼
マーシャル・マキシマイザー	마아샤루 마키시마이사아	마셜 맥시마이저
秋の未確認生物	아키노 미카쿠닌 세이부츠	가을 미확인 생물
エナドリおいしいソング	에나도리 오이시이 송	에나드리 맛있는 노래
ばかみたい【Taxi Driver Edition】	바카미타이 택시드라이버 에디션	멍청한 척 택시드라이버 에디션
れっつ！みらくる☆はーどこあっ！	렛츠 미라쿠루 하드코앗	미라클 하드코앗
アイム・マイヒーロー	아임 마이히어로	나는 나의 히어로
キュートなカノジョ	큐우토나 카노조	귀여운 여자친구
へべれけジャンキー	헤베레케 잔키	술주정 잔키
きゅうくらりん	큐우쿠라링	큐큐 쿠라링
回る空うさぎ	마와루 소라우사기	도는 하늘 토끼
最強STRONGER	사이쿄우 스트롱가	최강 스트롱거
ボッカデラベリタ	보카데라베리타	진실을 갈아놓는
『んっあっあっ。』	응 앗 앗	응앗앗
独りんぼエンヴィー	히토린보 엔비	혼자 하는 부러움
ロータスイーター	로오타스 이이타아	연꽃 먹는 자
ピュグマリオンの咒文	푸그마리온노 주몬	피그마리온 주문
トノサマビーム	토노사마 빔	임금님 빔
ツムギボシ	츠무기보시	실 잣는 별
ヱデン	에텐	에덴
にゃーにゃー冒険譚	냐아냐아 보우켄탄	냐옹냐옹 모험담
アンバークロニクル	안하아 크로니쿠루	앰버 연대기
リフヴェイン	리후에인	리프베인
宵の鳥	요이노 토리	초저녁의 새
ここからはじまるプロローグ。 (Kanon Remix)	코코카라 하지마루 프로로오구	여기서 시작하는 프롤로그
モ°ルモ°ル (MZK Skippin' Remix)	모루모루	모루모루 리믹스
隠密あんみつDX	온미츠 안미츠 DX	숨은 일침 앙미츠 DX
地球	치키유우	지구
超熊猫的周遊記（ワンダーパンダートラベラー）	원타아 한타아 토라베라아	초곰고양이 세계여행기
Y.Y.Y.計画!!!!	와이와이와이 케이카쿠	YYY 계획
ヒバリ	히하리	종달새
不機嫌なスリーカード	후키켄나 스리이카아토	기분 나쁜 스리 카드
神っぽいな	카미츠포이나	신 같은 느낌
魔法少女とチョコレゐト	마호우쇼오조토 티요코레에토	마법소녀와 초콜릿
阿修羅ちゃん	아슈라짱	아수라짱
おとせサンダー	오토세 산다아	떨어뜨려 선더
ロウワー	로오와아	다운워
キャットラビング	캬앗토 라빙	캣트 러빙
リスペク風神	리스펙 후우신	리스펙 풍신
魂のルフラン	타마시이노 루후란	영혼의 루프랑
Shooting Shower～DANCE TIME(シンディ)～	슈팅 셔워 댄스 타임 신디	슈팅셔워 댄스타임 신디
僕の和風本当上手	보쿠노 와후 토오토 우마스	내 일본풍 진짜 잘함
はんぶんこ	한붕코	반씩
解けないように	호토케나이 요오니	풀리지 않게
インターネットサバイバー	인터넷 사바이바아	인터넷 생존자
コンティニュー！ feat. 藍月なくる	콘테이뉴우 feat 아이츠키 나쿠루	계속하기 아이즈키 나쿠루
あつすぎの歌	아츠스키노 우타	너무 뜨거운 노래
花となれ	하나토 나레	꽃이 되어라
私のドッペルゲンガー	와타시노 돗페루겐가아	내 도플갱어
ノンブレス・オブリージュ	논부레스 오부리이주	논브레스 의무
テオ	테오
まにまに	마니마니	자연스레
感情ディシーブ	캔쇼 테이시이브	감정 디시브
ド屑	도쿠즈	덧갯 것
絶対敵対メチャキライヤー	제츠타이테키타이 메차키라이야	절대 적대 메차키라이야
つるぺったん	츠루펫탄	쭈르폿탄
『ウソテイ』 ～一回戦せりなvsしろなvsなずな～	우소테이	한번전 세리나 시로나 나즈나
Bad Apple!! feat.nomico ～五十嵐 撫子 Ver.～	배드 애플	배드애플
サンバディ！	산바디	쌍바디
ぽわわん劇場	포와와 게키조우	포와와 극장
フェイクフェイス・フェイルセイフ	페이크페이스 페일세이프	페이크페이스 세이프
ふらふらふら、	후라후라후라
シックスプラン	식스플랜	식스 플랜
フタタビ	후타타비	두번째
インパアフェクシオン・ホワイトガアル	인파아페쿠션 화이트가알	불완전 화이트가알
熱異常	네츠이죠오	열 이상
1000年生きてる	천년이키테루	1000년 살았다
青春コンプレックス	세이슌 콤푸렉스	청춘 컴플렉스
さくゆいたいそう	사쿠유이타이소	작유이 체조
バグ	버그	하쿠
星界ちゃんと可不ちゃんのおつかい合騒曲	세카이짱토 카후짱노 오츠카이 가소큐쿠	세카이 카후 심부름 소동곡
天使光輪	텐시코우링	천사 광륜
トンデモワンダーズ	톤데모 원더즈	말도안돼 원더즈
神威	카무이	신위
月面基地	게츠멘키지	달면 기지
ずんだもんの朝食　〜目覚ましずんラップ〜	순다몬 아침	눈뜨기 순다 랩
あなたは世界の終わりにずんだを食べるのだ	아나타와 세카이노 오와리니 순다오 타베루노다	세상의 끝에 순다를 먹어라
ジェヘナ	제헤나	지헤나
ツギハギスタッカート	츠기하기 스타카토	기워붙인 스타카토
天使の翼。	텐시노 츠바사	천사의 날개
さよならプリンセス	사요나라 프린세스	안녕 프린세스
系ぎて	츠나기테	이어져
アルカンシエル	알칸시엘	알카 시엘
アイディスマイル	아이테이스마일	아이디 스마일
にっこり^^調査隊のテーマ	닛코리 조사대 테에마	니코리 조사대 테마
エスオーエス	에스오우에스
のじゃロリック	노쟈로릭	노쟈로리크
勦滅	소우메츠	소멸
Shining Ray ～僕らの絆～	샤이닝 레이	샤이닝레이 우리의 인연
まっすぐ→→→ストリーム！	맛스구 스트림	똑바로 스트림
最っ高のエンタメだ!!	사이쿳코우노 엔타메다	최고의 엔터메다
過去を喰らう	카코오 쿠라우	과거를 먹어치워
強風オールバック	쿄우후우 올백	강풍 올백
寝起きヤシの木	네오키 야시노키	잠자리 야자나무
アイドル	아이돌	아이틀
ラビットホール	라빗트 홀	토끼굴
酔いどれ知らず	요이도레 시라즈	술취한 적 없는
新人類	신신루이	신인류
さよならヒストリー	사요나라 히스토리	안녕 히스토리
カーニバルハッピー	카아니바루 하피	카니발 해피
つづみぐさ	츠즈미구사	북꽃
サイバーサンダーサイダー	사이하아 산다 사이타아	사이버 선더 사이더
おくすり飲んで寝よう	약먹고자자	오쿠스리 논데 네요우
バラバラ〜仮初レインボーローズ〜	바라바라 카리소메 레인보우 로즈	하라하라 가리소메 레인보우 로즈	가리소메 레인보우 로즈
匿名M	익명 엠	토쿠메이 엠
ライアーダンサー	라이어 댄서
バカ通信	바카 통신	바카 츠신
Make Up Your World feat. キョンシーのCiちゃん & らっぷびと	메이크 업 유어 월드	키옹시 씨짱 랩비토
ミラクルポップ☆アドベンチャー!!!!!	미라클 팝 어드벤처	미라쿠루 팟푸 어드벤차
ラヴィ	라비	라우이
スティールユー	스틸 유	스티일 유
オシオキGIMMICK!!	오시오키 지믹
偉大なる悪魔は実は大天使パトラちゃん様なのだ！	위대한 악마는 사실 대천사 파트라짱님	이타이 나루 아쿠마 하 시츠와 다이텐시 파토라 챤 사마
シュガーホリック	슈가 홀릭	시유카 홀릭
壱雫空	히토시즈쿠	한 방울 하늘	히토시즈쿠 쿠우
ザムザ	잠자	잠우자
パラドクスイヴ	파라독스 이브	하라독스 이우
184億回のマルチトニック	184억 번의 멀티토닉	184억회 멀티토닉	184오쿠카이노 마루치토닉
果ての空、僕らが見た光。	끝의 하늘 우리가 본 빛	하테노 소라 보쿠라가 미타 히카리
天蓋	텐가이	천개
氷滅の135小節	빙멸의 135마디	하요우메츠노 135시오우세츠
地獄	지옥	지고쿠
シスターシスター	시스터 시스터	시스타아 시스타아
有明/Ariake	아리아케
雨露霜雪	우로 소우세츠	비이슬 서리 눈
宙天	츄우텐	중천
美夜月鏡	미야케츠키쿄우	미야 밤 달 거울
いちげき！のテーマ	일격의 테마	이치게키 노 테에마
勇者	용사	유우샤
病み垢ステロイド	병미 아카 스테로이드	야미아카 스테로이드
ダーリンダンス	달링 댄스	다아린 탄스
唱	창	쇼우
愛包ダンスホール	아이바오 댄스홀	사랑을 담은 댄스홀	아이하이타 댄스홀
マツケンサンバⅡ	마츠켄 삼바2	마츠케 산바 2
デビルじゃないもん	데빌 아니야	테히루 쟈 나이 몬
ずんだパーリナイ	준다 파리나이	순다 하아리나이
人マニア	히토마니아	사람 마니아
転生林檎	윤생 사과	텐세이 링코
メイトなやつら（FEAT. 天開司, 佐藤ホームズ, あっくん大魔王 & 歌衣メイカ）	메이트 나 얄라	텐카이츠카사 사토 홈즈 아크쿤 대마왕 메이카
モンスターカミング	몬스터 커밍	몬스타아 카민구
ゆけむり魂温泉 II	유케무리 영혼온천2	유케무리 타마 온센 2	유케무리 혼온천 2
人間が大好きなこわれた妖怪の唄	인간이 너무 좋아하는 망가진 요괴의 노래	닌겐가 다이스키나 코와레타 요우카이노 우타
シリウスの輝きのように	시리우스의 빛 같은	시리우스노 카카야키노 요우니
プラネタリウム・レヴュー	플라네타리움 레뷰	프라네타리움 레뷰우
演劇	연극	엔게키
無間嫉妬劇場『666』	무간 질투 극장 666	네타미니테이 시어타아 666	무간질투 극장
夢現妄想世界	무겐 망상 세계	무켄 마이와알트
イガク	이카쿠	이그악
てらてら	테라테라	반짝반짝
迷える音色は恋の唄	헤매는 음색은 사랑의 노래	마요에루 네이로 하 코이노 우타
On your mark (104期 Ver.)	온유어마크 104기	온 유어 마크 104기 버전
はげしこの夜 -Psylent Crazy Night-	하게시코의 밤	하게시코노 요루
エイプリルスター	에이프릴 스타	에이프릴스타
オーバーライド	오버라이드
右に曲ガール	미키니마가루 걸	오른쪽으로 꺾는 걸
ウルトラトレーラー	울트라 트레일러	울트라트레일러
バベル	바벨
お願い！コンコンお稲荷さま	부탁해 콩콩 오이나리사마	오네카이 콩콩 오이나리사마
いっぱい食べる君が好きだよ	잔뜩 먹는 너가 좋아	잇파이 타베루 키미가 스키다요
ピポピポ -People People- feat. ななひら	피포피포	피포피포 피플피플
ワールドワイドワンダー	월드와이드 원더	월드 와이드 원더
How To Make 音ゲ～曲！	하우투메이크 온게 곡	온게 곡 만드는 법
リアライズ	리얼라이즈	리아라이즈
ウタヒメナイトストーム	우타히메 나이트 스톰	우타히메 나이토스톰
概して過誤	가이시테 카고
忙シー日	이소카시이 히
砂の函	스나노 하코	모래 상자
なんかノイズにきこえる	난카 노이즈니 키코에루	뭔가 잡음처럼 들려
サウンドプレイヤー	사운드 플레이어	사운드플레이어
きゅびずむ	큐비즈무
きゅびびびびずむ	큐비비비비즈무
ゆりかご	유리카고	요람
月光	게코우	달빛
はいよろこんで	하이요로콘데	잘 부탁해요
ビビデバ	비비데바	히비데바
シカ色デイズ	시카이로 데이즈	사슴색 데이즈
メズマライザー	메즈마라이저	메스마라이저
ももいろの鍵	모모이로노 카기	복숭아빛 열쇠
のだ	노다
もういいよ	모우 이이요	이제 됐어
モエチャッカファイア	모에차카 파이어	모에챇카 파이어
マヌルネコのうた	마누르네코노 우타	마누르 고양이 노래
スナネコのうた	스나네코노 우타	모래고양이 노래
あいたい星人	아이타이 세이진	보고 싶은 별사람
ハオ	하오
好きな惣菜発表ドラゴン	스키나 소오사이 하츠효우 토라곤	좋아하는 반찬 발표 드래곤
超最終鬼畜妹フランドール・S	초최종 지옥도	후란도르 S
空回りライブラリ	카라마와리 라이브러리	헛도는 라이브러리
お呪い	오마시나이	저주
ありきたりな恋の歌	아리키타리나 코이노 우타	흔한 사랑의 노래
㋰責任集合体	무세키닌 슈우 코우타이	책임 집합체
三日月ステップ 2023	미카츠키 스텝 2023	반달 스텝 2023
少女レイ	쇼우죠 레이	소녀 레이
少女A	쇼우죠 A	소녀 A
帝国少女	제국 소녀	테이코쿠 쇼우죠
うぇいびー	웨이비	우에이비
ホラフキパペット	호라후키 페펫	호라후키 파페트
クーネル・エンゲイザー	쿠우넬 엔게이저	쿠넬 엔게이저
ゼロトーキング	제로 토킹	제로토킹
抜錨	핫추효우	닻을 걷다
殿ッ！？ご乱心！？	토노츠코란신	전하 설마 난심
廃墟にいますキャンペーン	하이쿄니 이마스 캠페인	폐허에 있는 캠페인
真空都市	신쿠도시	진공도시
ぱぱぱらビーチ	파파파라 비치	파파파라해변
ミクマリ	미쿠마리
雲外蒼電 -Dreaming Voltage-	운가이 소텐	구름밖 푸른 전기	드리밍 볼테이지
鬼女紅妖	키쇼코우요	귀여홍요	귀요홍요
華天月兎	카텐게츠토	꽃하늘 달토끼	꽃천월토
スローグロー	스로우 그로우	슬로우글로우
イーヴィルガール	이이빌 걸	이블걸
ラストピースに祝福と栄光を	라스트 피스니 축복토 에이코우오	마지막 조각에 축복과 영광을
彩りキャンバス	이로도리 캔버스	색채 캔버스
死ぬな！	시누나	죽지마
どんぐりGAME	동구리 게임	도응구리 게임	도토리 게임
君だったから	키미닷타카라	너였으니까
モニタリング	모니터링
テトリス	테트리스
み　む　かｩ　わ　ナ　イ　ス　ト　ラ　イ	미무카으 와 나이스트라이	나이스트라이
有頂天ドリーマーズ	우치요우텐 도리이마아스	천상천국 드리머즈	천상드리머즈
ニルヴの心臓	닐부노 신조	닐브의 심장
エンジェル ドリーム	엔젤 드리	엔젤 꿈
しゅ～しん？変身☆ハカイシンzzZ	슈우신 헨신 하카이신	변신 하카이신
命テステス	이노치 테스테스	목숨 테스테스
拝啓、最高の思い出たち	하이케이 사이코우노 오모이데타치	경하 최고 추억들
おべんきょうたいむ	오벤쿄오 타임	공부시간
るろうらんる	루로우란루
はじまりの未来	하지마리노 미라이	시작의 미래
化けの花	바케노 하나	괴인의 꽃	변신의 꽃
ヒアソビ	히아소비	혀잇놀기
電光刹歌	텐코우 세츠카	번쩍 세츠카
ウィーアーピコピコハンマーズ!!!!	위이아 피코피코 해머즈	피코피코 해머즈
ジェットブラック	젯트 블랙	제트 블랙
トレジャーガーデン	트레저 가아덴	보물 정원
最愛人生ランナー	사이아이 신세이 런나아	가장사랑 인생 러너
初音ミクの暴走	하츠네 미쿠노 보우소우	하츠네미쿠 폭주
Let's ミクササイズ！！	렛츠 미쿠사사이즈	미쿠 운동회	렛츠 미쿠운동
スノーマン (Rerec)	스노우맨	스노우맨 리레크
うい麦畑でつかまえて	우이 무기하타케 테츠카마에테	보리밭에서 붙잡아
勝手に生きましょ	카 이 니 이키마쇼	제멋대로 살아봐
アイアイ傘	아이아이카사	아이아이 우산
ヤミナベ!!!!	야미나베	어둠 냄비
胡蝶乃舞	코쵸우노 마이	나비의 춤	나비노마이
零號車輛	링하오 치유우리얀	영호차량
恋の氷結おてんば湯けむりチルノ温泉	코이노 효우케츠 오텐바 유케무리 치루노 온센	사랑의 빙결 오만한 온천 연기 치르노 온천
イタ電はやめて！ ぼくらのスカーレット・コール	이타덴 하야메테	이타전은 그만해	보쿠라노 스카아레 토 코오루	우리의 스칼렛 콜
むしみこうにゃーのハッピッピー	무시미코우 냐아노 하츠피피	벌레미코우 냐아 하피피
ラプラスショコラ	라푸라스 쇼코라	라플라스 초콜라
サイエンス	사이이엔스	사이언스
ソテリア	소테리아
BOW AND ARROW （アニメ・オープニングver.）	보우 앤드 애로우 애니 오프닝	보우앤애로우 오프닝
無敵的ハピネス！(SOS団5人Ver.)	무테키테키 하피네스	무적 하피네스	SOS단 5인 버전 하피네스
愛♡スクリ～ム！	아이 스크리이므	사랑 스크림
テレパシ	텔레파시	텔레파시 전하기
ダイダイダイダイダイキライ	다이다이다이다이다이 키라이	다이다이 키라이
オペラ！スペースオペラ！	오페라 스페이스 오페라	스페이스 오페라
T氏の話を信じるな	티씨의 이야기 믿지마	티씨 이야기 믿지마
超ナイト・オブ・ナイツ	초 나이트오브나이츠	초 나이트 오브 나이츠
浮世絵横丁	우키요에 요코초	우키요에 횡정
